<?xml version="1.0" encoding="UTF-8"?>
<project xmlns="http://www.netbeans.org/ns/project/1">
    <type>com.microchip.mplab.nbide.embedded.makeproject</type>
    <configuration>
        <data xmlns="http://www.netbeans.org/ns/make-project/1">
            <name>FinalProject</name>
            <name>HW8</name>
            <name>Lab7</name>
            <name>Lab_HW5</name>
            <name>Homework1</name>
            <name>Lab2</name>
            <name>Homework1</name>
            <name>Week5_Demo</name>
            <name>Lab1c</name>
            <creation-uuid>90723a47-fd45-48ec-9e93-dd07f3997676</creation-uuid>
            <make-project-type>0</make-project-type>
            <sourceEncoding>ISO-8859-1</sourceEncoding>
            <make-dep-projects/>
            <sourceRootList/>
            <confList>
                <confElem>
                    <name>default</name>
                    <type>2</type>
                </confElem>
            </confList>
            <formatting>
                <project-formatting-style>false</project-formatting-style>
            </formatting>
        </data>
    </configuration>
</project>
